"TD","PZ","SZZZ","ZXBZ","CYBZ","SZ50"
"20150210","1","1","1","1","1"
"20150211","0.919795862990252","1.00512829001083","1.01355687915308","1.0144019912169","1.00481787757099"
"20150212","0.897437503043965","1.01012957439108","1.01918937801862","1.02353641266254","1.0053674817395"
"20150213","0.814328553438115","1.01980969527243","1.03537827359587","1.04452372437667","1.00995445067043"
"20150216","0.824709344799516","1.02570988667214","1.06591064104783","1.08522923312401","1.0115088194619"
"20150217","0.845484842792238","1.03352216534733","1.06942531512962","1.08390061081151","1.01735434449406"
"20150225","0.915892629777286","1.02777253450718","1.06095971476204","1.07385240390805","1.00162634571891"
"20150226","0.908037459906629","1.04990016211521","1.06953424299772","1.07593688757921","1.03100125314743"
"20150227","0.940585276252896","1.05370205497657","1.07961194324874","1.10320511536756","1.02955921828896"
"20150302","0.97597528648062","1.06197238152746","1.09719882787752","1.13693106555853","1.0314905298334"
"20150303","0.989772276607735","1.03866159620295","1.08195462511147","1.12248730456177","0.997194564036167"
"20150304","0.962849708127213","1.04390766085868","1.10144554933594","1.15000042914157","0.997688833341377"
"20150305","0.927626681138547","1.03402191181353","1.10755576773062","1.15283791322757","0.98475212477554"
"20150306","0.920794283607116","1.03170175130897","1.08128265902533","1.11656801178709","0.986717552551478"
"20150309","0.947007173321645","1.05118899870225","1.0969166574808","1.14116755117513","1.01095006215811"
"20150310","0.911972002476918","1.04598781573552","1.11874423915675","1.17031026935786","0.996621660977854"
"20150311","0.899476090087457","1.04752588893596","1.11401491351144","1.16487848141102","1.0020615356964"
"20150312","0.901925177593632","1.06612250536591","1.11212471377941","1.15475245683551","1.03393566510841"
"20150313","0.87010443410076","1.0736307981333","1.12868842542894","1.18389975252836","1.03816399755694"
"20150316","0.874414688958929","1.0979477608971","1.17121230204314","1.22601284563778","1.0612898098977"
"20150317","0.87836662561662","1.1149907069439","1.17575877866622","1.22303174217174","1.07474367060695"
"20150318","0.87461646037279","1.13869014859659","1.19818815017848","1.24904172686569","1.10238780336403"
"20150319","0.949644116971759","1.14027214855648","1.20056616439902","1.2495904558914","1.09431681830361"
"20150320","0.920710791987588","1.15142795390746","1.20875822393192","1.26669203370192","1.11530079698845"
"20150323","1.0003896275578","1.17384015052236","1.2490432990718","1.31240018882229","1.13193953272412"
"20150324","1.06697071531445","1.17501216739406","1.26445683664027","1.34920337019183","1.11653563814827"
"20150325","1.04918004271988","1.16524546623321","1.28637494730675","1.36467821534324","1.10218768254264"
"20150326","1.01110090657984","1.1720471111312","1.26168463053833","1.31133591771926","1.11824769049755"
"20150327","1.01842729619348","1.17491221810082","1.28263118277592","1.3296625516758","1.11886261476783"
"20150330","0.969647317483841","1.20530189620361","1.29363941033063","1.31058463387071","1.15847738426693"
"20150331","1.04674139166614","1.192993172572","1.30352970254551","1.33615861072568","1.1460798785795"
"20150401","1.05628378801478","1.21285411573046","1.34053586975158","1.37606191082438","1.16471607806459"
"20150402","1.10510899135166","1.21778473532377","1.36512881900861","1.4163531549058","1.15730619900247"
"20150403","1.08433349335894","1.22992666459341","1.38010062069346","1.43628535053714","1.17209267299842"
"20150407","1.02656425028004","1.2609456412718","1.39966106988008","1.46291387128614","1.20216113845032"
"20150408","1.11247016914011","1.27158769452313","1.37228581956172","1.42369605332799","1.22821720223603"
"20150409","1.21972211205967","1.25972205820423","1.34820527090393","1.42846181355229","1.21976844231944"
"20150410","1.16232162363369","1.28416061533114","1.387110430226","1.46070007295407","1.24258179990581"
"20150413","1.28239300896839","1.31198248786523","1.41901180442677","1.47497446607636","1.26526493334021"
"20150414","1.3966165021186","1.31639107930276","1.41055255411427","1.46414407713105","1.2699588275333"
"20150415","1.3962094804734","1.30002931633728","1.35797865697637","1.39713562304204","1.27033202582183"
"20150416","1.29973143529052","1.33525348445836","1.37587685712653","1.42150571473529","1.32441790220125"
"20150417","1.44615486303896","1.36468855131776","1.37457607276447","1.40986739525369","1.34606506714241"
"20150420","1.66119796558754","1.34233715188441","1.33742645944212","1.38747078261118","1.3165790739357"
"20150421","1.63169063571911","1.36670249774557","1.3892811721355","1.46828844035647","1.33734129711576"
"20150422","1.54050039310638","1.40008397013872","1.42891447110798","1.50767791494414","1.372646188052"
"20150423","1.555713261948","1.40518138409399","1.44684849208173","1.54844865321069","1.36190248748933"
"20150424","1.58793406945111","1.3985535363747","1.44745288706883","1.56479322528502","1.34133289620178"
"20150427","1.56139764971091","1.44111474656329","1.45486893730525","1.57208691547341","1.37648759250907"
"20150428","1.62073583947345","1.4248233300749","1.40632471999921","1.53802852360994","1.36561866041369"
"20150429","1.62141420888212","1.42495224556459","1.43253221146856","1.60071180282375","1.36601474154042"
"20150430","1.61941736764839","1.4138225416214","1.42911669593934","1.63525254981618","1.35237157735148"
"20150504","1.60489330466788","1.42617582863216","1.43490420127786","1.62802122820318","1.36132292760536"
"20150505","1.58131387978598","1.36832046671864","1.39548468749344","1.59265481282275","1.31006869844081"
"20150506","1.58470920564682","1.34621703065929","1.40277634177885","1.62876850673037","1.30599430508565"
"20150507","1.62754388528251","1.30895822597007","1.39084019207126","1.60558856766847","1.28763103545259"
"20150508","1.56427463176717","1.3387848139463","1.45525938428238","1.70145822306779","1.2941097910256"
"20150511","1.59271396466913","1.37942247770478","1.53120050722286","1.80058077159655","1.31852328307985"
"20150512","1.59909063711063","1.40095136448292","1.56263686200467","1.85978285436365","1.32650273678745"
"20150513","1.60128924975822","1.39284751398415","1.58347350944261","1.82651064986339","1.3069412385357"
"20150514","1.56406590271835","1.39365952241427","1.58046472308305","1.79758421903386","1.30164739793006"
"20150515","1.44173328602142","1.37149879058172","1.56846083945449","1.79972534939276","1.27328890456941"
"20150518","1.30383991873482","1.36347738233438","1.61671555937717","1.87591113908478","1.24748455200395"
"20150519","1.29687532613914","1.4061503192807","1.66017826721325","1.90125395167866","1.29645257760611"
"20150520","1.44424151342476","1.41529727116148","1.69127237030786","1.94903743544995","1.29926675065362"
"20150521","1.46297842437399","1.44175964232159","1.76764529699452","2.01834608837455","1.31093741418936"
"20150522","1.4963507204631","1.48255868917457","1.77951354995922","2.01217446035447","1.35169133297941"
"20150525","1.59339929171276","1.53227932453376","1.8139901157322","1.98430257341897","1.39374998959871"
"20150526","1.59378891927056","1.56318689276428","1.88294243316852","2.07031112764101","1.40899744877157"
"20150527","1.63188892831549","1.57299624744517","1.88558959203176","2.07628592272591","1.39158360889818"
"20150528","1.62224564625992","1.47067618243356","1.76687107873922","1.96431373109989","1.30000357804379"
"20150529","1.64517105345551","1.46796354588261","1.78649958749065","2.02717553320841","1.29447550038526"
"20150601","1.64257237679768","1.53703487370898","1.87247477440615","2.12782868668374","1.34980412290497"
"20150602","1.65628239648779","1.56306911811937","1.93696739930563","2.23241907105154","1.35562510089251"
"20150603","1.66620746275926","1.56289436601113","1.91941959193895","2.2785992819031","1.3473531629075"
"20150604","1.61991483854808","1.57471130092281","1.90156714474983","2.25640751283849","1.37256672219569"
"20150605","1.62108372122148","1.59890093974617","1.90798053756961","2.22342941336347","1.37462950604689"
"20150608","1.5188482331086","1.63352827689647","1.87746217280324","2.11970360621969","1.43900059412169"
"20150609","1.65412900846744","1.62768824605861","1.87308030914673","2.12026606777576","1.4203985108681"
"20150610","1.67218059237304","1.62530152696419","1.91253938865903","2.19417168523896","1.40225337709087"
"20150611","1.73053079797115","1.63025334599358","1.94323294981714","2.20987197276381","1.39257302121697"
"20150612","1.73104566295825","1.64450009915352","1.95329648456066","2.23136738810133","1.39387613644496"
"20150615","1.67183966825997","1.61160051604393","1.90544426043758","2.11482512480867","1.35735974484387"
"20150616","1.64454138749156","1.55571775210856","1.82860647715389","2.05454046089805","1.32289948026834"
"20150617","1.64595726620607","1.58133096807893","1.85378965589051","2.14076244152946","1.3362356399789"
"20150618","1.63791771900895","1.5232259557492","1.77438058876083","2.00526642539374","1.27664927016228"
"20150619","1.63156887710729","1.42550747343784","1.6727575635262","1.89679202368861","1.20782164533431"
"20150623","1.78008307416143","1.45674255067413","1.7035971759514","1.94197433733389","1.24947074075492"
"20150624","1.81068623153618","1.49292085257384","1.72356940178736","1.93594575650507","1.26697881631655"
"20150625","1.64979092306943","1.44123662740527","1.65436861809287","1.83465518474545","1.22485167760328"
"20150626","1.67274068198738","1.33463290757269","1.51522344297056","1.67119344271675","1.13860634362201"
"20150629","2.09039011459225","1.29011950306739","1.41505555728328","1.53905045274436","1.11433942654775"
"20150630","2.05967215624065","1.36148186604694","1.5032496813982","1.63566223697198","1.19407862876048"
"20150701","1.94503816262776","1.29033254785072","1.44578005460722","1.57890225585421","1.13866970828126"
"20150702","2.00188204025688","1.24547221743873","1.37434063226033","1.51590885032972","1.12926677561671"
"20150703","1.91857827687213","1.17358146010639","1.31365787759341","1.49070965711588","1.07435570248649"
"20150706","2.09000048703445","1.20191005009242","1.30716405074248","1.42694036362596","1.14414116131652"
"20150707","1.90766174761875","1.18638054006359","1.22624187946","1.34579369734075","1.17012254383936"
"20150708","1.79864256541916","1.11637385873982","1.20929341960073","1.35268227788347","1.08546885687326"
"20150709","1.92521586062466","1.18071640724944","1.25001843958305","1.39371164547184","1.1570714210825"
"20150710","1.87935113096356","1.2343430227913","1.30281491429298","1.45100719527372","1.20588817032154"
"20150713","1.84246522921928","1.26381354936811","1.36620507193554","1.53522479866108","1.19367331128815"
"20150714","1.71542577247142","1.24920290438641","1.39306466521614","1.55981403865135","1.14958086961442"
"20150715","1.56741948276942","1.21139285069708","1.32166432013135","1.48198663939234","1.1474498533002"
"20150716","1.44817605599505","1.21695442407721","1.34769303312661","1.50318337219449","1.14116580987773"
"20150717","1.36810759286703","1.25966399848739","1.42341320671432","1.59258672235971","1.1678838533701"
"20150720","1.34717554808769","1.27072781229141","1.44750694394806","1.62976697612542","1.15818839482299"
"20150721","1.34944373708489","1.27886546729637","1.46535173850669","1.64956127426438","1.15361694461687"
"20150722","1.22654407313866","1.28152978441192","1.47501163769712","1.65784427882759","1.13989219270845"
"20150723","1.14745315772263","1.31268544334037","1.50779485544588","1.69822878967771","1.16110179617798"
"20150724","1.15108852198961","1.29581011926115","1.47764902724483","1.65810233596063","1.14041566883624"
"20150727","1.05786664996834","1.18588187585088","1.36291802290546","1.53543765288169","1.03733742783585"
"20150728","1.37475909188948","1.16596974846837","1.34338069443226","1.47736964824696","1.03416873721681"
"20150729","1.45382565558315","1.20612950181644","1.40209558330873","1.54139928762499","1.05321171035486"
"20150730","1.30203093364504","1.1795816962923","1.35248748754209","1.46548471540761","1.02655203890249"
"20150731","1.39757665574318","1.16619995015268","1.35730310880787","1.45327020183959","1.02400289072654"
"20150803","1.40701120874992","1.15320638287646","1.34059041509659","1.37283705494443","1.03169327177989"
"20150804","1.39237930242752","1.1957452477135","1.40178638447239","1.45688529045732","1.0545706181029"
"20150805","1.40058931168117","1.176019076946","1.37954507228398","1.43163974995351","1.03474596721181"
"20150806","1.44394233512145","1.16550399749426","1.36587975372858","1.41955798417898","1.02661756703007"
"20150807","1.41907226895434","1.19181717682717","1.40113688781195","1.47452644227331","1.04170838277413"
"20150810","1.41761116561258","1.25045332097442","1.45809867301759","1.54875362982248","1.08908130813281"
"20150811","1.39785148232413","1.25029190604894","1.45314611851254","1.54428712432231","1.0778690918592"
"20150812","1.3856512694205","1.23705387680708","1.43413340228299","1.50038651351081","1.06556078763561"
"20150813","1.37800482859866","1.25877416329868","1.46740052679406","1.53590227015893","1.07373678412081"
"20150814","1.37937200386845","1.26220516152156","1.47245598475596","1.53004534595963","1.07218083433324"
"20150817","1.39366994371273","1.27122377087038","1.48222008997865","1.52561946586179","1.06112580235552"
"20150818","1.35926096001447","1.19307749285156","1.38641273827564","1.43285908421188","1.00183836561616"
"20150819","1.30181524696125","1.20770239811459","1.41410728238972","1.47092050867581","1.01112226591689"
"20150820","1.32307082176627","1.16637982704953","1.37364277748805","1.43551690102565","0.980599222482763"
"20150821","1.22462028707202","1.11654947028466","1.30404519676134","1.34003976711917","0.945002388136205"
"20150824","1.23873384958985","1.02174438254733","1.20348930642582","1.23170154634014","0.856338837418683"
"20150825","1.68158035720498","0.943778331566183","1.11639846367744","1.1390596077646","0.796344196163339"
"20150826","2.21908896727824","0.931784607363207","1.08703255249908","1.08145736478464","0.808159354421048"
"20150827","2.12709163901007","0.981537455679332","1.12885303839553","1.12120045202912","0.871512572247361"
"20150828","2.12777000841874","1.02888868800001","1.18753471159922","1.1913679602901","0.898653948246509"
"20150831","2.16645793761784","1.020496767086","1.16146187386218","1.14258371836869","0.919659894456029"
"20150901","2.20322208075031","1.00796758205153","1.11704388978975","1.08114552190768","0.927928628843693"
"20150902","2.11785537859971","1.00591228717405","1.11531993124356","1.06142846925201","0.933466400504587"
"20150907","2.06966332004425","0.980528063310556","1.10519208183951","1.08345144263092","0.887845094002699"
"20150908","1.66922707633221","1.00918616765444","1.14195841234946","1.14503898035962","0.90704683243272"
"20150909","1.58728700939976","1.03230714481475","1.17464523951838","1.18541319181198","0.919973098103304"
"20150910","1.45349168910504","1.01792090827806","1.1507281640737","1.16676041025934","0.918842228239253"
"20150911","1.42158049635768","1.01866591248453","1.15512582145697","1.17899781137797","0.913395738300213"
"20150914","1.47314005023412","0.991470887540175","1.07186357346257","1.090714234626","0.927026836992646"
"20150915","1.55253362277095","0.956575915467089","1.01621055089333","1.0285419199794","0.904984006976353"
"20150916","1.43815010401664","1.00339642977305","1.08562886468016","1.10217574777919","0.93276631047102"
"20150917","1.42852421604848","0.982323649180527","1.06803725821555","1.10621082295049","0.913159753830587"
"20150918","1.39823763106445","0.986097562605977","1.0771326537906","1.13482083339294","0.914893232837455"
"20150921","1.3848720143049","1.00475774551318","1.11786679180074","1.18961477391391","0.921324766553445"
"20150922","1.29301035991846","1.01401381401092","1.13017319856671","1.18941908535626","0.930837869682652"
"20150923","1.35432451800984","0.991817877108843","1.11723064653819","1.18900253193529","0.906387557061477"
"20150924","1.30913467893993","1.0003481991461","1.12991235784221","1.20536941937145","0.910357479858942"
"20150925","1.21445170357692","0.984324513073463","1.09225962477036","1.15637747292832","0.908408569331671"
"20150928","1.11065074759788","0.987001148780253","1.11534972765591","1.2143316119988","0.902807433011531"
"20150929","1.08179743541575","0.967068872384169","1.09794194714507","1.2007764601542","0.885026053151424"
"20150930","1.06639671043019","0.97173039282937","1.10388445895658","1.19168209192213","0.892895835656288"
"20151008","1.10292429397399","1.00056159407027","1.14597229845454","1.25327134621712","0.911711852644507"
"20151009","1.04609781043228","1.01322851177731","1.16149281002801","1.26834565923298","0.923340702994074"
"20151012","1.04613955624204","1.04649532896209","1.2094707326775","1.32563663152474","0.950024380623978"
"20151013","1.11136390518135","1.04826758271998","1.21796775767669","1.3400884031642","0.944831598952881"
"20151014","1.10300082795856","1.03846723620787","1.20487785180567","1.31889682006094","0.93774212123078"
"20151015","1.03196337500957","1.0625415195412","1.24206182055428","1.37584676784871","0.956045562643226"
"20151016","1.01804114745316","1.07950062277322","1.25543324553432","1.40130745132819","0.966810398627363"
"20151019","1.05544887181949","1.07802006816287","1.25433533729132","1.39247800649434","0.964603827341913"
"20151020","1.07805770662436","1.09031637771029","1.28232638013156","1.43685982805728","0.972345923609597"
"20151021","1.13970931001134","1.05700391489286","1.20681315321104","1.34163388501867","0.973710656080095"
"20151022","1.10621177649293","1.07230274577261","1.24913073444574","1.40651894660048","0.970145343467241"
"20151023","1.06603143459475","1.08621129471577","1.27387087472335","1.45243423405381","0.975210314085677"
"20151026","1.12688986759621","1.09166938556331","1.28454140960477","1.44619394338192","0.977729423335835"
"20151027","1.07357351089218","1.09318298073621","1.29095545371225","1.46706796172057","0.977681410980767"
"20151028","1.10362005747006","1.07435816797402","1.25763785440431","1.42202354556768","0.96137152243267"
"20151029","1.10482024950079","1.07821586055227","1.26542839506917","1.42204700530705","0.959974587568045"
"20151030","1.00762904673443","1.07670255185825","1.26934670470404","1.4180422561403","0.962316458835022"
"20151102","1.03805478441768","1.05840718387137","1.24509958921656","1.39158481983206","0.94863609963271"
"20151103","1.04399660467414","1.05573681886864","1.2424420097501","1.39000100133034","0.945124998543819"
"20151104","1.05230749963472","1.10123736588412","1.30898293447118","1.4787171527887","0.986251657965641"
"20151105","1.11882944749421","1.12134783213484","1.30792703428492","1.46750511393709","1.01543663783706"
"20151106","1.12874755613072","1.14274267863469","1.34580397314806","1.52283004563205","1.03741814184697"
"20151109","1.45877949167519","1.16083817986607","1.36878905589172","1.55899638090606","1.05430975374738"
"20151110","1.49932858822629","1.1588023337205","1.37484684562642","1.57157881185003","1.04956647422893"
"20151111","1.37823790936985","1.16191034293748","1.39287220970031","1.60480466906032","1.04255446531544"
"20151112","1.34643455996438","1.15638836730283","1.38954201286","1.59257184545181","1.03032234014049"
"20151113","1.31283614073904","1.13981626518776","1.3588517081404","1.55072367574063","1.01840000698967"
"20151116","1.33493011055682","1.14813007286431","1.3861452218522","1.60050467049079","1.01820030221988"
"20151117","1.31234562747431","1.14744179147331","1.37544163411992","1.55466662852075","1.02068146756378"
"20151118","1.28816436716831","1.13587839035801","1.34600001074625","1.52268871500708","1.01493579491652"
"20151119","1.25189769493554","1.15134646658558","1.38709154288265","1.5853931652052","1.02701839114509"
"20151120","1.18421730085509","1.15562375520954","1.39707985389663","1.60221437052083","1.02629812260874"
"20151123","1.15579536204054","1.14920026241464","1.38928100931358","1.58529303217131","1.02217238848569"
"20151124","1.10722063356224","1.15104423138198","1.40250247530032","1.61131102750797","1.01845434332911"
"20151125","1.12287879104135","1.16117205506888","1.42536023129831","1.65795642782554","1.02330525539744"
"20151126","1.03303485079352","1.15723204756313","1.40923304523079","1.62112406482899","1.01972683715907"
"20151127","1.20302726697141","1.09380909621329","1.31827941512411","1.51604274250075","0.971247505770636"
"20151130","1.20107912918241","1.0967062888159","1.32912335535608","1.52922082194916","0.972017326052985"
"20151201","1.17340861494361","1.10017704393917","1.32912351817801","1.51935857639435","0.975571405272539"
"20151202","1.1289284546397","1.12583173568314","1.33247830112906","1.49527972878253","1.02282563110868"
"20151203","1.13165236872682","1.14108469811335","1.3590151813535","1.54955755503741","1.02408988711688"
"20151204","1.13041390970381","1.12203967859618","1.34087242267139","1.5404242779693","0.997509556705337"
"20151207","1.09940025186639","1.12583877033085","1.35417220600425","1.56673809489751","0.996686357002232"
"20151208","1.09431769952758","1.10455740129291","1.32523874985977","1.54013646702047","0.983688988112574"
"20151209","1.082639309246","1.10531166831604","1.32142383214753","1.52654927260503","0.985933170462999"
"20151210","1.07371962122635","1.0999181307063","1.32447169576919","1.54233882157724","0.980720418314924"
"20151211","1.07025819783339","1.09326106214268","1.31603833414283","1.52848327063098","0.974581202455703"
"20151214","1.08151565119984","1.12066337046206","1.34485830340531","1.55021099460712","1.00472992426197"
"20151215","1.05986001238459","1.11738025899599","1.3552370613964","1.57105869226258","0.991797043370883"
"20151216","1.05327461089426","1.11923686486442","1.35864313325395","1.58102278741757","0.988761239634074"
"20151217","1.01838902920119","1.13954894857482","1.38601756946268","1.62255625330797","1.00198589751484"
"20151218","0.90718514962394","1.13921949787894","1.38054642712522","1.61944240204844","1.008024179255"
"20151221","0.9256333187223","1.15943471990165","1.39598569055791","1.61924900224584","1.04015563658392"
"20151222","0.963270645042337","1.16239340996749","1.40883885334939","1.62493140887179","1.03848726965303"
"20151223","0.975575222470378","1.15740294812218","1.39312767730127","1.59294033501652","1.04140171113704"
"20151224","0.945758277846195","1.14988956239717","1.3868098609517","1.59971390561746","1.03253781493026"
"20151225","0.914215839751752","1.15480076508956","1.3946865344151","1.59911310741414","1.03694055621107"
"20151228","0.978747904012468","1.12483666725766","1.36651150279915","1.56521378402735","1.00327020721034"
"20151229","0.948993578102931","1.13437227546662","1.37867674295579","1.57341725435221","1.01220341761429"
"20151230","0.955192830852936","1.13728162750554","1.3908577768392","1.59040611097601","1.0121591081185"
"20151231","0.97232600694372","1.12655649538307","1.36669874801337","1.55294777347047","1.00717805510853"
"20160104","1.16328525607575","1.04923139311808","1.2542480647393","1.42545953910195","0.944628898611553"
"20160105","1.11945911345815","1.04651079882085","1.23815132637183","1.38282289327249","0.951972958309965"
"20160106","1.09613016343485","1.07010678977194","1.26149836225566","1.41237129328966","0.96426054316369"
"20160107","0.811615075803433","0.994718921260647","1.15823637151991","1.29115768091894","0.907237508882702"
"20160108","1.22514558851155","1.01426632921578","1.17236670949426","1.28684681076287","0.923473090614375"
"20160111","1.17621602065026","0.960246601007833","1.09828598987345","1.20523438282289","0.882126839156114"
"20160112","1.24939990398464","0.962206434760964","1.10894219642544","1.22879311084727","0.886759032896368"
"20160113","1.2077584587447","0.938885781831065","1.07500017503357","1.17858068576823","0.875999397557278"
"20160114","1.31499648639434","0.957364305306257","1.11404243041683","1.24451743030026","0.887053514221476"
"20160115","1.23467754840775","0.923407265040379","1.07985340816412","1.20897878610153","0.861613040388625"
"20160118","1.29554641786164","0.927502926063306","1.0976928295992","1.24447279957658","0.860925015851566"
"20160119","1.29948443924941","0.95739304868581","1.13513356852418","1.28267326591042","0.885596751136237"
"20160120","1.28043095590947","0.947511023865918","1.11962168651276","1.26147481654198","0.869016512256048"
"20160121","1.22191028825482","0.916885796473318","1.07997259381352","1.20869383609653","0.849151962016153"
"20160122","1.21319932928399","0.928370415900468","1.09106386055019","1.22996895875949","0.857882638499418"
"20160125","1.2086455572022","0.93535827206134","1.10076641908507","1.23525483857124","0.859331163762904"
"20160126","1.11377124687776","0.875283653866048","1.02651375951104","1.14097129042871","0.811971968107148"
"20160127","1.33811322855135","0.87075505961466","1.01862617697864","1.14292703162773","0.81274212123078"
"20160128","1.31037313796294","0.845323057442514","0.984640519310762","1.09085556525098","0.795790431478797"
"20160129","1.35508637903804","0.871405048330576","1.02136760973669","1.14098158982648","0.820871977593125"
"20160201","1.2653328880447","0.855888716329582","1.00981979032118","1.14019769121833","0.805922286553046"
"20160202","1.22240428033703","0.875215217248065","1.04069099019991","1.18745590570329","0.819461937102983"
"20160203","1.21049628810175","0.871929304655313","1.04181999743067","1.1961680518403","0.812285213359583"
"20160204","1.20090866712587","0.885227016994245","1.05586290003108","1.21683722660106","0.821384220327616"
"20160205","1.23070473884517","0.879646726994872","1.04193283302498","1.19987182971662","0.818481469893674"
"20160215","1.30072289827242","0.874141239810504","1.04220360588692","1.21123092108086","0.810583021433314"
"20160216","1.27491703020309","0.90290849260232","1.08176982222614","1.25991674653468","0.832478777207695"
"20160217","1.23509848532287","0.912701931790655","1.0953387502017","1.26759323100691","0.838112157527122"
"20160218","1.17537762563749","0.911287044502582","1.08886560173529","1.25361465947616","0.835961129130768"
"20160219","1.12076714883077","0.910372858610266","1.09334564701281","1.26511279271032","0.833811723335669"
"20160222","1.09382022862788","0.931748638350035","1.1143421855815","1.28488649205373","0.854513036560951"
"20160223","1.12644457895872","0.924158858260761","1.10695821126438","1.26918277139628","0.844386007685305"
"20160224","1.13002428214601","0.932296449603752","1.10459941003104","1.26095584133206","0.849322792804637"
"20160225","1.17753449247532","0.872565287737781","1.02327344037355","1.16563033744832","0.804061953412206"
"20160226","1.13170802980651","0.880830203021206","1.02646475011149","1.15291458652209","0.813545350456908"
"20160229","1.13521467782671","0.855610195209882","0.976652150006537","1.07579841789806","0.809058566752151"
"20160301","1.09624844322918","0.869994935690269","0.999522768936638","1.10713891312744","0.820950361715264"
"20160302","1.15309927849325","0.907081534750046","1.04197712058869","1.15445034116755","0.850162634571891"
"20160303","1.15211477314631","0.91028914311943","1.04285668462972","1.14842633784886","0.854267358088958"
"20160304","1.14825676456059","0.914869303566694","1.01946780351106","1.09118743473472","0.882973504169669"
"20160307","1.17653955067593","0.92225186394291","1.0343876650017","1.11767462485874","0.876900773356721"
"20160308","1.16247817042031","0.923540063910252","1.03523026846568","1.14563119573147","0.880014878005349"
"20160309","1.16423149443041","0.911179774082766","1.01648523148149","1.12767705666099","0.878667203650603"
"20160310","1.17014896296451","0.892771915394515","1.0028751095588","1.10831132790708","0.857669994524761"
"20160311","1.17013504769459","0.894548402673421","0.999863718048436","1.10711087587795","0.861527999440827"
"20160314","1.15789308898119","0.910206700867999","1.03163516035273","1.15761111190582","0.86472564725148"
"20160315","1.13542340687553","0.911756551532932","1.02138275217575","1.14261518875077","0.87417297262214"
"20160316","1.10939141566999","0.91368614585021","1.00945181276977","1.13152502610611","0.888739355319719"
"20160317","1.08702957690622","0.92463664134724","1.04380691338639","1.19432560401677","0.886806213148229"
"20160318","1.08410041258775","0.94065335643414","1.07987392372672","1.24615274579084","0.890840124682345"
"20160321","1.09793566970715","0.960914415075409","1.10750333907064","1.27428383423691","0.912561471624449"
"20160322","1.15192343818489","0.954726789880166","1.10914083917443","1.27123292374154","0.904186644077838"
"20160323","1.18420338558517","0.958099919372115","1.12149234761374","1.29263507231036","0.905030147099205"
"20160324","1.14470141309566","0.942505919767456","1.10347105408798","1.27012745504742","0.889347747579828"
"20160325","1.07788376575035","0.948383192857891","1.10929649693512","1.26801951163689","0.894179729300185"
"20160328","1.08176264724095","0.941503243736537","1.09916799624337","1.25863504370092","0.883292074882632"
"20160329","1.08578068143077","0.929411289113517","1.08094789714669","1.23166378188164","0.876563147480308"
"20160330","1.07400836307722","0.955134863109257","1.11951047913771","1.2867283676885","0.897643608532053"
"20160331","1.07700362492781","0.956175736322305","1.11774011634278","1.28072210222152","0.897232341521784"
"20160401","1.06088974235878","0.957963046136148","1.10704483252869","1.2618873646416","0.901909344019757"
"20160405","1.0501680268843","0.971820665503138","1.13576336373164","1.30431573376057","0.90710166803409"
"20160406","1.0423198146486","0.971033485241405","1.14175976960046","1.31434105311342","0.902015353968383"
"20160407","1.0019133496142","0.957609722201444","1.11882727833871","1.28667172100076","0.890102548399283"
"20160408","0.962254830338071","0.950141536475285","1.11213578567034","1.27594318165563","0.883612101776208"
"20160411","0.961096384117111","0.965738400868604","1.13054622359781","1.30638877365643","0.893861657849146"
"20160412","0.927202265405943","0.962456307994065","1.12238265790185","1.29544451914687","0.891971410597999"
"20160413","0.921740521961775","0.976141085111916","1.1373531570113","1.31260960991031","0.903379087915032"
"20160414","0.906489386127867","0.981146189210378","1.14634662606105","1.32999213240448","0.906521400862392"
"20160415","0.906190207824556","0.979794963892522","1.14169415236452","1.32157065816013","0.907852349942668"
"20160418","0.911241450806042","0.965643862842832","1.11991834806085","1.29634686082939","0.897935135890775"
"20160419","0.886614901862559","0.968560536008324","1.12253473358018","1.30031041240505","0.900172162153616"
"20160420","0.891203462119156","0.946202770377958","1.07798844583053","1.22748165419772","0.896543734512479"
"20160421","0.871548143355111","0.939934294480539","1.06709158847279","1.20741098888523","0.89356168464287"
"20160422","0.852842541763204","0.941955243725078","1.07651555869331","1.22272390461613","0.897724322543174"
"20160425","0.875440940115636","0.937954088896939","1.07391512972267","1.21695051997654","0.893795380828675"
"20160426","0.888093399291713","0.943693215512003","1.08386582887188","1.23346560430286","0.896920469239641"
"20160427","0.886033939343338","0.940182576164385","1.07878985534737","1.2282666971834","0.89258895599339"
"20160428","0.848876689835591","0.937609995947916","1.07654388970834","1.23319781996081","0.891206208488451"
"20160429","0.820298204234417","0.935297474879782","1.07736451221238","1.22376185503598","0.888481819377021"
"20160503","0.814499015494653","0.952587747680874","1.1091668906825","1.26867409558413","0.897952402032329"
"20160504","0.795396828709985","0.952151344875036","1.10797128928425","1.2651196589755","0.895731518571711"
"20160505","0.783767141873134","0.954242640596665","1.11134251724976","1.27260217145636","0.89571009191412"
"20160506","0.817177704954532","0.927315537053972","1.06870075756157","1.21830088546211","0.876624431881535"
"20160509","0.908381862837184","0.901489467286183","1.04057913153716","1.17504513138885","0.862253218991258"
"20160510","0.865769827520229","0.901641619395001","1.04208621127871","1.17540274936702","0.862217771394622"
"20160511","0.816561954260508","0.903056824992926","1.04057164172859","1.16436122276739","0.864726895406291"
"20160512","0.815942724749003","0.902682810917901","1.04641841424796","1.16415523481196","0.867400359801427"
"20160513","0.792745969789949","0.899896644791353","1.04181364737558","1.15880984736865","0.863801305403512"
"20160516","0.782692187271703","0.907457458684177","1.06038234821455","1.17748265552806","0.866475685112176"
"20160517","0.766244338224551","0.905172630573088","1.05916036966439","1.19097658317479","0.863500583304348"
"20160518","0.769837956681765","0.89365936325934","1.0366385152985","1.15609309511208","0.864871140497298"
"20160519","0.745173140745998","0.89346583086988","1.03871612306667","1.16577910652724","0.862809521590582"
"20160520","0.714622165633458","0.899379072973488","1.04752430076531","1.18174202869527","0.866684334991438"
"20160523","0.689546849235008","0.905160216488896","1.05588357841561","1.20058592129544","0.866390768979858"
"20160524","0.683111036896338","0.898164084271896","1.04535974608898","1.18758293160914","0.859830051240916"
"20160525","0.705601591906879","0.896069700944712","1.04265006360639","1.18285951335346","0.862020271698339"
"20160526","0.657416490986384","0.89841141102619","1.04634384180613","1.19358976926488","0.863779961956241"
"20160527","0.639079644047395","0.897966732164224","1.04543334159926","1.18436494199436","0.863273585549363"
"20160530","0.646186868159775","0.898413957504998","1.03939574178331","1.17786087230177","0.870446772854131"
"20160531","0.748401483367774","0.928387604632427","1.08333796018971","1.23581329480596","0.896864011037017"
"20160601","0.725524779616913","0.927398297615254","1.08991922241459","1.24097443746692","0.889919069642046"
"20160602","0.71963514162266","0.931129207379823","1.09644707904793","1.25226829931194","0.889373501174098"
"20160603","0.72319397190507","0.935411429806471","1.10756390882689","1.26166135007939","0.895607992850569"
"20160606","0.726224021930465","0.933952297449097","1.11367135924883","1.25841532321513","0.888820526987603"
"20160607","0.719095924913204","0.934572046729159","1.11048867907294","1.25694250933383","0.889963087901719"
"20160608","0.730896073806592","0.931743545392417","1.10872287529192","1.25111591113908","0.88742267680945"
"20160613","0.802337069583307","0.901794408123522","1.05762821534632","1.17568026091808","0.867176399223148"
"20160614","0.761130476528418","0.904696757345716","1.06137149141139","1.1777441457937","0.871637595754277"
"20160615","0.685396619980936","0.919027385151418","1.09265235125444","1.21807487089991","0.876467289190813"
"20160616","0.672740681987379","0.914445951464751","1.08629171273849","1.2024066259459","0.871550973810384"
"20160617","0.643302928468555","0.918357342914884","1.09417538754468","1.21469380748709","0.874623930955404"
"20160620","0.672354533247059","0.919536362603303","1.09945228332513","1.21282847211295","0.875464188774262"
"20160621","0.669275779776938","0.91627336831983","1.09058272176061","1.19701946872273","0.875604814216317"
"20160622","0.69032958316809","0.924865187820319","1.10738578164049","1.22724076272762","0.880268877509415"
"20160623","0.707695840030057","0.920539356944073","1.10063876669556","1.22304490251334","0.876010131688654"
"20160624","0.720515282445191","0.908547351614292","1.08418284316064","1.21725378002203","0.863847903183128"
"20160627","0.710562385633875","0.921730790716684","1.1099020316757","1.2541267684209","0.871999643859827"
"20160628","0.684266004299818","0.927095584946872","1.12273060835644","1.26837655742629","0.874562563343857"
"20160629","0.669129669442763","0.933154612962277","1.12133196801721","1.26441586679446","0.883264906712909"
"20160630","0.646294711501666","0.932522449598022","1.12228756989742","1.27471640894331","0.8831248637431"
"20160701","0.63364920996055","0.933435998870637","1.11951178171311","1.26521063698914","0.884980828342101"
"20160704","0.635687797004042","0.951302094192341","1.13615104273603","1.28668774228618","0.900041189108768"
"20160705","0.648308946822796","0.956964189823443","1.13514122115467","1.28514969888566","0.90235564257506"
"20160706","0.648872515254615","0.960433767200271","1.13732629139361","1.28259544823837","0.901625846456988"
"20160707","0.671432646614763","0.960292119316538","1.13869594943012","1.27822507045074","0.901535688074463"
"20160708","0.671248269288304","0.951139756168288","1.13775060533121","1.28113178937732","0.893995293624259"
"20160711","0.660874435561864","0.953311584282242","1.13001330743596","1.2694511279271","0.896889098948721"
"20160712","0.657680881114891","0.970648012011741","1.14407607431128","1.28591070994321","0.915458397335938"
"20160713","0.68485740327148","0.974247459807811","1.15534335154931","1.30766246584748","0.914393180414953"
"20160714","0.67813632789942","0.972124014791222","1.15648912943838","1.3120740412262","0.913327505837204"
"20160715","0.680126211498188","0.972212504929824","1.1548978707614","1.29531177135337","0.912148998064528"
"20160718","0.706686982960752","0.968796403607979","1.14747319096293","1.2873509090649","0.910313794440552"
"20160719","0.709821397510558","0.96657905718532","1.15011904725076","1.30099646673438","0.905077493771707"
"20160720","0.703503864966221","0.963810398100581","1.14655666634482","1.29803024017623","0.90163395946326"
"20160721","0.705257188976323","0.967346502236286","1.14852811421763","1.29608079305363","0.906068071034987"
"20160722","0.69590960640659","0.959009012306814","1.1401961906508","1.28742414922683","0.897519625154147"
"20160725","0.691286257975189","0.959967761578282","1.14210267257537","1.28507016464732","0.898485780188288"
"20160726","0.676831771344285","0.970897885244842","1.15391507761965","1.30433289942352","0.908034705360575"
"20160727","0.706975724811622","0.952382756136775","1.10451181183517","1.23328765359692","0.904484745051898"
"20160728","0.657012948158662","0.953122508230697","1.10276147613706","1.22433747693364","0.900256079762085"
"20160729","0.652309586925212","0.948352953422038","1.09678151528271","1.21442030125738","0.896690517518269"
"20160801","0.652730523840336","0.940091539546975","1.08238138137796","1.20112663967843","0.893495033175955"
"20160802","0.636216577261057","0.945787376022292","1.08851211533524","1.20915730899624","0.893868023438683"
"20160803","0.620457534075017","0.948073477372785","1.09217202657449","1.20635358404738","0.892758413811582"
"20160804","0.607168451300034","0.949335575932338","1.10053911967721","1.21856294791652","0.891949567888804"
"20160805","0.59531264132696","0.94751166048562","1.09576290131738","1.2067775759223","0.893962550363047"
"20160808","0.591788599219353","0.956290964488398","1.11101508235777","1.21910194973322","0.89853524872397"
"20160809","0.578934368629415","0.963104068541024","1.1208736242972","1.23278355529489","0.905055775877994"
"20160810","0.579278771559971","0.960896589723748","1.11419434327323","1.22276796315104","0.902874750161012"
"20160811","0.584476124875632","0.95576925464247","1.09980365304015","1.20353898751198","0.905771135005417"
"20160812","0.615437600450855","0.971057358480236","1.11205209520068","1.21523795900267","0.924669863052454"
"20160815","0.702411516277387","0.994780355061906","1.13904976147402","1.25493069363583","0.951782905937389"
"20160816","0.673432966665971","0.989955414339159","1.14120031346477","1.25944240204844","0.939319206439813"
"20160817","0.672932016948799","0.989801988990935","1.14504763274017","1.26350437009169","0.937670643565263"
"20160818","0.677520577205396","0.988070065091181","1.14228340491257","1.25972735205344","0.933919272675228"
"20160819","0.676546508310895","0.989339484777309","1.14320383725688","1.26142217517559","0.935842138372107"
"20160822","0.686328943065673","0.981923820176579","1.12967284678994","1.24016192942052","0.930760525689522"
"20160823","0.675530693606629","0.983483856756747","1.13211794364375","1.24402878109488","0.932767558625831"
"20160824","0.67727010234681","0.982266003266496","1.13471641875129","1.25433504513139","0.928715964898558"
"20160825","0.685511420957788","0.976679347070101","1.12766183318926","1.24774915244539","0.924530028108446"
"20160826","0.681796043888761","0.97730960057525","1.13032234345038","1.25294977613115","0.923346486111365"
"20160829","0.699885894786644","0.977219837197244","1.13349997614659","1.25492439955941","0.921246132800343"
"20160830","0.699322326354825","0.978699978004789","1.13431131780088","1.2562581715708","0.925324603461217"
"20160831","0.712075671237833","0.982142180734424","1.1334263806363","1.25409930336018","0.928923283412688"
"20160901","0.714103821828884","0.97508015837825","1.12554677637825","1.24813023016293","0.923802270643232"
"20160902","0.709003875402673","0.976368358345591","1.11893881135761","1.24213998598138","0.927750558757304"
"20160905","0.707640178950371","0.977878101969288","1.12102342046857","1.24891298439355","0.927261864543583"
"20160906","0.700779950879097","0.98380439477679","1.14063157647933","1.2718823579899","0.92881473554928"
"20160907","0.700018089850898","0.984191141245858","1.1374858568805","1.26571187434735","0.930518342051001"
"20160908","0.683911164916821","0.985472656706327","1.13781850207411","1.27224340910066","0.93055179259994"
"20160909","0.647053093712385","0.980029876562623","1.12929070373102","1.26051296722789","0.927507875856858"
"20160912","0.671815316537603","0.961925048852604","1.09609163878477","1.2276670433576","0.915303709349678"
"20160913","0.610462891453937","0.962413017854318","1.10295735091333","1.22784156093095","0.912481548111375"
"20160914","0.613312042970354","0.955836418021049","1.095290066446","1.22709142145994","0.905545884667167"
"20160919","0.606928412893889","0.963221843185925","1.10451881317796","1.2389105525913","0.91092880192116"
"20160920","0.593472346879849","0.962250679830264","1.10363631834226","1.23503054057534","0.908742658769452"
"20160921","0.603543523485497","0.963165502342283","1.10671332708857","1.23714706681734","0.909969012476555"
"20160922","0.565808790276009","0.968398197984271","1.1119304672224","1.24074670633842","0.915603973792077"
"20160923","0.54986884858099","0.965718983967688","1.11077540848358","1.23393079376886","0.913770101533233"
"20160926","0.567148135005949","0.948700229469572","1.08554680242976","1.21469952937474","0.901693662868393"
"20160927","0.573851816290606","0.954347682847524","1.0925149295494","1.22494342483585","0.905514514376247"
"20160928","0.577007103745295","0.951064635043432","1.09159563695856","1.22427110303689","0.901468412530143"
"20160929","0.53698678745121","0.954446677211211","1.09895339694569","1.22802237258071","0.905066010747445"
"20160930","0.567534283746269","0.95642656448496","1.10451734778063","1.23014919822049","0.905890957867286"
"20161010","0.583836022459246","0.970253944416097","1.12513548819468","1.26366114981332","0.91650863639919"
"20161011","0.56101150097059","0.97569927103861","1.13108662956823","1.26502982533938","0.919152685945943"
"20161012","0.559512130636554","0.973550042924083","1.13122323716365","1.26435693135165","0.915728290011267"
"20161013","0.549127860457673","0.974456589379974","1.13194453829319","1.2637172243123","0.916194184597104"
"20161014","0.529225545652522","0.975240586543196","1.12857884627314","1.25551203742115","0.919396866632162"
"20161017","0.517672392800239","0.968033096585076","1.11674266922775","1.24042628062998","0.912353112981309"
"20161018","0.530175262824661","0.98162779201507","1.13307305705818","1.25775158424764","0.924792515065229"
"20161019","0.544094011563589","0.981896445529386","1.12837776119527","1.25018095469695","0.924272825007031"
"20161020","0.528286264932824","0.981813366658253","1.13539506053638","1.25495586994149","0.925059204143208"
"20161021","0.520928565961858","0.983876969422837","1.13142790432388","1.24794140787046","0.932267464598169"
"20161024","0.553399848323558","0.995751836727418","1.14055032833855","1.25927475074027","0.94483255587157"
"20161025","0.561515929505243","0.996927036697624","1.14289773203712","1.25893372623629","0.942844411678069"
"20161026","0.569398929915743","0.991952808654718","1.13705226209315","1.24994235198192","0.939076897985811"
"20161027","0.555706304313038","0.990691665024718","1.13541329659202","1.24878881943153","0.936223824113352"
"20161028","0.560472284261134","0.988119721427951","1.12542091502991","1.23903643411962","0.937697811734985"
"20161031","0.560569691150584","0.986917146810551","1.12359014530066","1.23579040725535","0.936311361370774"
"20161101","0.568765785134317","0.993902138182763","1.13224527038942","1.24533852117814","0.94172385989379"
"20161102","0.580426781328491","0.987630479186833","1.12262982158462","1.22814539316521","0.933929174703397"
"20161103","0.617016983586939","0.995971152214816","1.12774438390544","1.23202826612499","0.945948614298529"
"20161104","0.621292450270304","0.994819188863739","1.12268273871038","1.22747593231007","0.945238580631633"
"20161107","0.661312766564389","0.997370760630037","1.12067481872628","1.21893429842505","0.947330488095099"
"20161108","0.646733042504192","1.00200376051258","1.1281081280868","1.23037921810405","0.949603835662945"
"20161109","0.638926576078259","0.995790988839102","1.11565518158797","1.21524024775774","0.941909335698725"
"20161110","0.592460010993063","1.00945030116887","1.12745211854934","1.22638419614631","0.952528969673167"
"20161111","0.565829663180892","1.01733228970143","1.13018768971807","1.22855050281088","0.960425504296149"
"20161114","0.591409408113994","1.02189271493793","1.13118302014807","1.23689244281689","0.964313007270918"
"20161115","0.588633311764665","1.02081523609201","1.13500282251808","1.24697097572489","0.961454067070847"
"20161116","0.577323676136008","1.02020121638926","1.13839293782694","1.24878309754388","0.961055323213849"
"20161117","0.564991268168124","1.02128219664355","1.13431245755436","1.23766775859356","0.963875529009614"
"20161118","0.552248359737558","1.01631751789618","1.12818872493987","1.23476046747822","0.959945089509342"
"20161121","0.544528863748635","1.02436821064982","1.12830318875343","1.23169468007496","0.971346359631678"
"20161122","0.5614880989654","1.03398244139199","1.13342426395127","1.24602743645129","0.978970380454228"
"20161123","0.56879709449164","1.03168583581642","1.12955496371595","1.23919321384125","0.982021370074573"
"20161124","0.561056725597835","1.03187650341722","1.12207720396979","1.22827585220364","0.985515413047711"
"20161125","0.55755007757763","1.03830699902884","1.1270025672133","1.24023516958245","0.996005238921794"
"20161128","0.543443472694762","1.04310138200588","1.12916044619069","1.23938661364384","0.999828253897987"
"20161129","0.517094909098499","1.04498704956371","1.12712973113704","1.23612570987169","1.01582269212015"
"20161130","0.570178185031344","1.03451783856152","1.12381369980424","1.24911611140515","1.00660090832386"
"20161201","0.550832481023051","1.04192650034553","1.12854318827148","1.24847525998827","1.01154888523133"
"20161202","0.564118084980553","1.03254718227345","1.11670342914372","1.22645915287453","1.00539190396863"
"20161205","0.567878686676825","1.02009044456109","1.11249008618002","1.22670290528845","0.988229816920652"
"20161206","0.545085474545492","1.01847916009489","1.11620356583273","1.21433275637633","0.985494069600441"
"20161207","0.526950399020365","1.02567137118016","1.12187318809726","1.22161557497819","0.9889210034499"
"20161208","0.492395304987929","1.0234826726441","1.1197578056424","1.21001387557755","0.98978730609915"
"20161209","0.506254913829691","1.02905850630556","1.11235266447498","1.20153232151287","1.00323122317507"
"20161212","0.537011139173572","1.0036214111758","1.06263498955253","1.13544852446822","0.993181247056435"
"20161213","0.536948520458926","1.00427935763799","1.0665109654868","1.13581930278799","0.987261623233653"
"20161214","0.55130907901786","0.999661954938148","1.05722116053281","1.12325232094068","0.982039385109014"
"20161215","0.597219033306199","0.992387301601449","1.05897117058707","1.13056146022573","0.961002609475658"
"20161216","0.573416964105561","0.994075935361455","1.06537381715977","1.1432978099475","0.957881931211692"
"20161219","0.590247483075553","0.992517044696751","1.06063786466209","1.13316846667716","0.953334071131511"
"20161220","0.640819052787576","0.987675965664553","1.05778351489878","1.13424818687685","0.948465684895829"
"20161221","0.604486283022675","0.998674780596977","1.06556413970838","1.13962630351753","0.955824722451975"
"20161222","0.614244366055091","0.999352239453042","1.06549647091618","1.1365238960333","0.95360741703515"
"20161223","0.609300966415496","0.989992783915676","1.05796960407732","1.1240884031642","0.947964384318516"
"20161226","0.613482505026891","0.993944473392957","1.06180467914393","1.12950640136181","0.954717525924175"
"20161227","0.640606844921274","0.991428234020129","1.06004141538495","1.1264219606048","0.951494082914092"
"20161228","0.636056551656961","0.987472183697888","1.05710044435732","1.11986181641323","0.947422685130482"
"20161229","0.603373061428959","0.985518111353062","1.05351886674637","1.12105488720729","0.946561666336599"
"20161230","0.598930611506537","0.987918326785169","1.0538213410372","1.12266794455491","0.951467746847577"
"20170103","0.551580426781328","0.998194482862675","1.06011803938304","1.12335245397457","0.960202042979795"
"20170104","0.51287162467734","1.00547524774851","1.07465723949428","1.13955123235155","0.966157488845657"
"20170105","0.512426336039853","1.00758147220216","1.07252933603336","1.13520608808846","0.966356527932873"
"20170106","0.503962373110132","1.00405144778461","1.06160626434563","1.12436808903257","0.960636650485033"
"20170109","0.491302956299095","1.00943572257769","1.06593151481867","1.12241641037378","0.964547618770251"
"20170110","0.481256131415809","1.00639112068304","1.0634066515036","1.11672782410917","0.962160314668149"
"20170111","0.479391485246335","0.998459539475674","1.05529865693078","1.10864239632655","0.95711627144538"
"20170112","0.479881998511066","0.992900289757457","1.04456230942711","1.10440711230635","0.955006224131992"
"20170113","0.462286139695395","0.990823572627008","1.02976858608208","1.08712592444247","0.960270067417002"
"20170116","0.464216883396996","0.987851704533337","1.00084126832418","1.04759048450084","0.972476688628644"
"20170117","0.428572919493206","0.989553579983149","1.01196521342128","1.06877325589712","0.969231735750649"
"20170118","0.419778468902851","0.990902481639092","1.01051526789336","1.05613887021328","0.97471533749274"
"20170119","0.420310727977346","0.987174086522347","1.00727670723266","1.05519618922282","0.971462687660076"
"20170120","0.407167755536538","0.99412587817709","1.0201587709159","1.07614304719127","0.976549209751584"
"20170123","0.405689258107384","0.998466319475502","1.02518319501882","1.07990587494815","0.976516674516174"
"20170124","0.40459343060107","1.00030567295","1.02172104729016","1.06496677013747","0.978729861022122"
"20170125","0.397684499085071","1.00253428754138","1.02582840946262","1.07039512495172","0.981339835942532"
"20170126","0.393690816617615","1.00559365901312","1.03251519657735","1.0792807587223","0.983556142835508"
"20170203","0.432437885713888","0.999547045081906","1.03156838708112","1.07386138727166","0.973556342540278"
"20170206","0.435220939698178","1.00489904325608","1.03906604366656","1.08741453645558","0.975211354214686"
"20170207","0.414706353016483","1.00365890807625","1.03590777049729","1.08094107886192","0.972535019063484"
"20170208","0.444453721291059","1.00808150514723","1.04446266240876","1.08923449726065","0.976234425108215"
"20170209","0.43927724088028","1.01323736079117","1.04942396045121","1.09521638748623","0.979760296029037"
"20170210","0.43274054283468","1.0175407826539","1.04894396141511","1.08983930078533","0.985286501455349"
"20170213","0.418793963555908","1.02395167037869","1.05829223572251","1.09498648204043","0.98991395220732"
"20170214","0.39536760664315","1.02429818248258","1.05915493141208","1.09253459596321","0.987504222923778"
"20170215","0.386131346232789","1.02272499970556","1.05004678688027","1.08278541490838","0.98695428591399"
"20170216","0.389116171630939","1.02801935196571","1.05818719929843","1.08580239460998","0.988855891373919"
"20170217","0.404927397079185","1.01925220739924","1.05271683850621","1.07735620181098","0.983008702135343"
"20170220","0.419343616717805","1.03131159892449","1.06587262212825","1.08427573776589","0.996077507085359"
"20170221","0.427713651575556","1.03556561909834","1.07409779964078","1.09921884789792","0.997227556928341"
"20170222","0.412925198466537","1.03807794326","1.07933348519192","1.0985870942824","0.997771710820837"
"20170223","0.384851141400015","1.03494469207182","1.07916268499217","1.10200763872001","0.993288754790834"
"20170224","0.391165195126872","1.0355996782524","1.08036732300728","1.10915616461871","0.994312324946288"
"20170227","0.420818635329479","1.0277143474664","1.07465150816251","1.102477005164","0.986275040065769"
"20170228","0.415388201242634","1.03187558031865","1.0787935025585","1.10269912884261","0.986336449282477"
"20170301","0.407804379135444","1.03353091886823","1.08123193999556","1.10545049851946","0.98684328334612"
"20170302","0.418536531062361","1.0281497635117","1.0785021001586","1.09883410817229","0.979765496674083"
"20170303","0.394397016566129","1.02442034980343","1.0875328065827","1.103345301615","0.976533691026765"
"20170306","0.410086483402562","1.02937130939622","1.09943981116564","1.12307477076688","0.97767504539123"
"20170307","0.403636755793971","1.0320898665104","1.10094148521927","1.13170532278599","0.980339606282046"
"20170308","0.376366305565412","1.03153546624276","1.09422311065101","1.12413829802452","0.981080469372777"
"20170309","0.36770057122183","1.02392184474564","1.08704334759273","1.11802394609982","0.976287014030924"
"20170310","0.357973797546738","1.02265318900316","1.09385523079275","1.11577249774701","0.973242015553673"
"20170313","0.369878310964537","1.03037675472284","1.10851954327147","1.12771470668173","0.979755927487198"
"20170314","0.375082621915159","1.03110994963383","1.10583205341731","1.1203587623557","0.979759838372273"
"20170315","0.399841365922895","1.03188404736069","1.10504233451471","1.12024255081751","0.98076139939789"
"20170316","0.359841922533692","1.04053434038082","1.11369146775662","1.1253388644914","0.98570696320606"
"20170317","0.35203893492524","1.0305113042969","1.10064309775877","1.11557411990216","0.976456555059437"
"20170320","0.351499718215784","1.03476427404823","1.1010134525103","1.11795144978328","0.977749185787012"
"20170321","0.351624955645077","1.03820284804556","1.10732467457189","1.12209833063928","0.980690171363335"
"20170322","0.3514614512235","1.03298543127643","1.10492226962692","1.11495552662823","0.972956146496762"
"20170323","0.328671717909648","1.03404530758758","1.10881185747415","1.11483496645543","0.976653763519597"
"20170324","0.328066403668065","1.04069658291192","1.11715766975122","1.12442919879268","0.984213462764214"
"20170327","0.356735338523729","1.0399040232137","1.1120140599989","1.11435375570401","0.983723936447285"
"20170328","0.359998469320309","1.0354453616366","1.10902528445397","1.11254243494929","0.980348010524441"
"20170329","0.34915499523402","1.031742303984","1.10617134174547","1.10386416238717","0.978841986929323"
"20170330","0.345477885157277","1.0218500295869","1.08712386303485","1.08355437938976","0.976334651939549"
"20170331","0.335771984387067","1.02575801512163","1.09834450807344","1.09135743201682","0.981778603963807"
"20170405","0.350327356724902","1.04097042487681","1.11725049453089","1.11185443517817","0.991976694453366"
"20170406","0.350939628601446","1.04437611746652","1.11901561445982","1.11246913756848","0.994525301762228"
"20170407","0.349701169578437","1.04616224953391","1.12065658267063","1.11350708798833","0.993644146070725"
"20170410","0.352115468909808","1.04067987164474","1.1123264175806","1.09428280429714","0.98985225175449"
"20170411","0.347112929373048","1.04691018219101","1.11632198621908","1.0972480009155","0.991080394483489"
"20170412","0.346977255491313","1.04209237160893","1.10845267230671","1.08573190095412","0.989729682952036"
"20170413","0.347391234771476","1.04277043525371","1.11591247279449","1.09315290314275","0.985254340666382"
"20170414","0.362451035643964","1.03325503972029","1.10310061792549","1.07998357818244","0.980018039997537"
"20170417","0.356530088292388","1.02564759343429","1.10005729703555","1.06900962707597","0.980851349754613"
"20170418","0.358735658574937","1.01754533448477","1.09692536845381","1.05752082051869","0.972458507173562"
"20170419","0.371165473432271","1.00926081131451","1.09138629680906","1.05590690488792","0.967337619219587"
"20170420","0.354425403716769","1.00971077412001","1.09565382690955","1.05877236900453","0.971749763266637"
"20170421","0.337970597034656","1.01004528594251","1.08951685687253","1.05225880097844","0.976753740719969"
"20170424","0.350435200066793","0.996160610238182","1.06580623962926","1.03561091163975","0.974363565861801"
"20170425","0.336328595183925","0.997763682310217","1.0736815128241","1.04073720800492","0.975533253340478"
"20170426","0.323227368552882","0.999762572682076","1.08126728863557","1.04165848913557","0.975435023556842"
"20170427","0.316509771998302","1.00337214273141","1.08147094629986","1.05449937774472","0.978403718169972"
"20170428","0.317473404440363","1.00415884552837","1.08116699032952","1.05896897306421","0.97648938153097"
"20170502","0.316252339504756","1.00067453040543","1.07823495822559","1.05903517530433","0.972225934327086"
"20170503","0.315229567165529","0.998011518360271","1.07347292165546","1.0530867581215","0.969302922180044"
"20170504","0.313003123978097","0.99547226518521","1.07064747278391","1.05174234339909","0.967500212186318"
"20170505","0.323136919298392","0.987727500029444","1.05723156485385","1.04034852017681","0.965490183678462"
"20170508","0.321874108553021","0.979952813747675","1.0436137088897","1.02347879325389","0.967776304030542"
"20170509","0.307374397294872","0.980562058802652","1.04999743555467","1.03136498490852","0.96369799979031"
"20170510","0.291357921615285","0.971731538744834","1.04198151678067","1.01352911725578","0.96728748500134"
"20170511","0.288957537553835","0.974505704589996","1.04320658894742","1.01415486288927","0.973265480864123"
"20170512","0.304424360071524","0.981512627510947","1.04256681275593","1.0154220321284","0.988309574013084"
"20170515","0.308407606086539","0.98365030097788","1.05191336115092","1.01771547913657","0.990931572824841"
"20170516","0.301658700174637","0.990887170935255","1.07451739174255","1.03848856337706","0.990750756797867"
"20170517","0.297758945779151","0.988174311567412","1.06939450922134","1.0428935013661","0.983362554024301"
"20170518","0.295212451383526","0.983621684922267","1.06090867008842","1.03766804468794","0.979698761996848"
"20170519","0.300705504185017","0.983778261538016","1.05770339022928","1.03055636774572","0.982573096106256"
"20170522","0.29468019230903","0.979017842222083","1.05534872467285","1.0231165977656","0.990848736950541"
"20170523","0.298757366396015","0.974647893600476","1.04571655405631","1.00604219892142","1.00343321622868"
"20170524","0.302719739506147","0.975325543442451","1.05187778456022","1.01636620080965","1.00167360918109"
"20170525","0.429519157847864","0.98925325463865","1.05604037592977","1.01717647731987","1.02910168634036"
"20170526","0.378335316259297","0.989962321662927","1.04893363850504","1.00684154662623","1.02815258942197"
"20170531","0.418595670959527","0.992228401323787","1.04934688055172","1.00918603287224","1.03142437762841"
"20170601","0.421674424429648","0.987595528765184","1.03955830319364","0.989021414164533","1.03865127719521"
"20170602","0.448843988951276","0.988523974938829","1.04546829946664","0.998999527944269","1.02992060071195"
"20170605","0.433352814711223","0.984104592797348","1.05337924694534","1.00776500207418","1.01947025813506"
"20170606","0.434309489518323","0.987437265107224","1.05995938569893","1.01071045818015","1.02598591748532"
"20170607","0.480949995477537","0.999596351277839","1.08343760720806","1.02985532207075","1.03348607974544"
"20170608","0.494959193470955","1.00278221908439","1.08351162605535","1.02693555724033","1.04305530823599"
"20170609","0.525030091771205","1.00534996099113","1.09013947163308","1.02772815311771","1.04814761344479"
"20170612","0.537369457374049","0.999453652971598","1.08126675132321","1.01595021957744","1.04893603123383"
"20170613","0.524845714444746","1.0038674328597","1.0957218213456","1.02744022773113","1.04642915390082"
"20170614","0.504146750436592","0.996524374736002","1.08765933550093","1.02458145822307","1.03069183556975"
"20170615","0.483395604166232","0.997101247679123","1.09485140789677","1.03924270816943","1.02430823099851"
"20170616","0.462018270749407","0.994134568036025","1.091712543101","1.03569176191225","1.02048717146485"
"20170619","0.476281422418891","1.00088518786488","1.09499036012791","1.03932350122305","1.03352040400275"
"20170620","0.486620467970527","0.999497261421196","1.09797429986165","1.04194223754417","1.02948861433181"
"20170621","0.464968307972754","1.00465330805104","1.11018561862318","1.04406757549316","1.03898669799813"
"20170622","0.473599254141532","1.00186535938933","1.09969653249543","1.02901317464632","1.04706579606482"
"20170623","0.48367043074718","1.00518208437567","1.1110200321443","1.03419045303045","1.05223540366159"
"20170626","0.534927327502835","1.01395817344895","1.12848628200855","1.04211452358133","1.05815290562119"
"20170627","0.51680964606511","1.01578941002224","1.12747411579146","1.0413456735377","1.06288686558371"
"20170628","0.523241979586299","1.01006126509704","1.11919799129847","1.0346314389117","1.05578765225408"
"20170629","0.503311834241305","1.014791699625","1.12992920991149","1.03769430815226","1.06216950940859"
"20170630","0.501109742776236","1.01618093113907","1.13103052113274","1.04027739711331","1.06091810939494"
"20170703","0.489636602726001","1.01729014547715","1.12942646465242","1.05053039037578","1.05442766277187"
"20170704","0.462574881546265","1.01311783544208","1.12287718065369","1.04682226386485","1.0447682758988"
"20170705","0.494771337327016","1.02086240961194","1.1346926141858","1.05089956656701","1.06014080018373"
"20170706","0.480838673318166","1.02255257125923","1.13435174648496","1.05225239246427","1.06254557845319"
"20170707","0.482811162829531","1.02430731797531","1.13510610046536","1.05021757477792","1.05829282377552"
"20170710","0.483454744063398","1.02261238168025","1.12868906043445","1.0317978457093","1.06097931058585"
"20170711","0.477533796711822","1.019558389645","1.12141847530618","1.02073423262334","1.06949888248539"
"20170712","0.514050943803182","1.01780972264708","1.12225235151495","1.02235610167794","1.0672317756916"
"20170713","0.514249236399563","1.02437304895956","1.12443789393747","1.01784519432961","1.08213087485667"
"20170714","0.54832773243719","1.02572701174213","1.12618137483252","0.998793940520978","1.09129649168646"
"20170717","0.603432201326125","1.01110003746507","1.09441115369266","0.947792524353784","1.0948041811522"
"20170718","0.588647227034586","1.01463404075576","1.09470195365144","0.95411795671392","1.09184759364073"
"20170719","0.591012822921233","1.02845155308151","1.12039982877646","0.96400703792181","1.10581864809856"
"20170720","0.598367043074718","1.03287239944831","1.12917163205697","0.966203498934298","1.10896403982779"
"20170721","0.561964696960209","1.03068147274329","1.13272173618973","0.967082209220822","1.09804871797859"
"20170724","0.546511789712441","1.0346976517964","1.13378561465033","0.964961162687571","1.10435843178501"
"20170725","0.535115183646775","1.03249828988033","1.12680092854088","0.965908707282533","1.09965488519472"
"20170726","0.554279989146089","1.03376688196084","1.12064977671415","0.962026520949261","1.09679544573273"
"20170727","0.552387512436772","1.03443743349314","1.13281693816951","0.996862002374583","1.09697255890043"
"20170728","0.541627529970013","1.03553846726804","1.13903006002105","0.992217431730728","1.09687582690256"
"20170731","0.547816346267577","1.04183715077033","1.14870195918738","0.993491352797288","1.09759588741311"
"20170801","0.524014277066939","1.0480792069501","1.15126461347133","0.996223039180626","1.11576943751487"
"20170802","0.515651199844149","1.0456659408141","1.14852917256014","0.986930064228189","1.11528099293212"
"20170803","0.531149331719162","1.04180541527817","1.13810283800244","0.991673795185032","1.10096257699035"
"20170804","0.519877963082789","1.03835248550656","1.12566076800823","0.983945642067318","1.09330148596991"
"20170807","0.534857751153228","1.04388334198606","1.13337755034088","0.99127932825039","1.09595310765585"
"20170808","0.521599977735568","1.04465244224825","1.13578300005585","1.00843755274865","1.09637257088271"
"20170809","0.495881080103251","1.04264715384838","1.13990824007572","1.00879688729312","1.09021359257231"
"20170810","0.476044862830227","1.03824696579092","1.13890097479859","1.0034298138956","1.08645269410055"
"20170811","0.508063898919479","1.0213103034034","1.12222042213538","0.996832591872059","1.06935933877751"
"20170814","0.496420296812707","1.03048364317084","1.15276651547565","1.02621013632397","1.07817842622656"
"20170815","0.487149248227542","1.0349086275657","1.1608631125137","1.02912103222853","1.08391490413339"
"20170816","0.484192253369235","1.03337739802705","1.16812803143896","1.04435143833951","1.07965461892169"
"20170817","0.476378829308342","1.04037340292011","1.17197684867607","1.04904985194616","1.08343319958661"
"20170818","0.468287099849019","1.04046714517126","1.16637093863095","1.04241532321513","1.0872529693603"
"20170821","0.455599852498139","1.0462544002358","1.17451045552853","1.046657244625","1.08873415467467"
"20170822","0.433342378258782","1.04731125260338","1.1718776901235","1.03847414422018","1.09983374577916"
"20170823","0.455961649516096","1.04650885713076","1.16899694692608","1.03415469123264","1.10660590094311"
"20170824","0.444624183347596","1.04135440205017","1.16023346384596","1.02750173802337","1.10103962974736"
"20170825","0.481141330438957","1.06045630353773","1.17176871340883","1.03730848126797","1.12593636573932"
"20170828","0.498330167609426","1.07036506638511","1.18845677216279","1.05444576365743","1.13850927878287"
"20170829","0.519784035010819","1.0711846187587","1.18452783025619","1.04801590684767","1.13961901322545"
"20170830","0.510265990384548","1.07067548215189","1.18946838478533","1.05204388687828","1.13508479963787"
"20170831","0.50739944478073","1.06977902611828","1.19295721902757","1.05819382894417","1.12942670585318"
"20170901","0.504303297223208","1.07178727479976","1.20218868488568","1.06727509405353","1.12754918978111"
"20170904","0.522156588532426","1.07575456145974","1.21120861249831","1.07778500007152","1.12806047559691"
"20170905","0.5213286299721","1.07726144029478","1.21807404782959","1.07866863118143","1.13575747187075"
"20170906","0.52949341459851","1.07760260479317","1.21892826049684","1.08879322528502","1.12930172395143"
"20170907","0.51162272920189","1.0712709762213","1.21171427226985","1.08165551375399","1.11993977236985"
"20170908","0.503047444112797","1.07118987087124","1.21282323612159","1.07873243022873","1.11780164157321"
"20170911","0.525489295678613","1.07474736542894","1.22727482175477","1.08508469824195","1.11283411024036"
"20170912","0.527823582207936","1.07572432202389","1.22897872063975","1.07828062997983","1.12023562666525"
"20170913","0.532457367091778","1.0772073276201","1.23203630473035","1.08053980288097","1.11820970498613"
"20170914","0.489170441183633","1.0731579806805","1.22395385691763","1.07528711001759","1.11203787068118"
"20170915","0.473700139848463","1.06749002814814","1.21927067500597","1.07321710272219","1.11018207250282"
"20170918","0.47674410514378","1.07043105201724","1.2321831049783","1.08418453087674","1.11259517180435"
"20170919","0.450266825300744","1.06851670474183","1.22179348676478","1.07588447508833","1.11114543999121"
"20170920","0.445657392139264","1.07142965368207","1.23695819986684","1.0829638805842","1.10779006701759"
"20170921","0.443667508540497","1.06882473318473","1.23277245521949","1.07157783912913","1.11316720115429"
"20170922","0.437917023245458","1.06714313407243","1.22529969410645","1.06794712975811","1.11462425547566"
"20170925","0.446147905403995","1.06364786909062","1.21342559583462","1.05489939491038","1.11528939717451"
"20170926","0.442968266226944","1.06429527949674","1.21331178330877","1.05251565651508","1.11459858509171"
"20170927","0.428357232809423","1.06483293666621","1.22476018365662","1.06137743001416","1.10734347722617"
"20170928","0.366361226491891","1.06304097952854","1.22497002855408","1.06125801421889","1.10723114329316"
"20170929","0.386827109728861","1.06600157945348","1.23122300921295","1.06826595333801","1.11182601720457"
"20171009","0.402989695742623","1.07409779051583","1.24599843137357","1.08134412862803","1.12004291156241"
"20171010","0.405052634508478","1.0768383746717","1.2528978150763","1.09714769622498","1.12148265813705"
"20171011","0.384694594613399","1.07852411181206","1.2584003006344","1.08804588953896","1.12646891179207"
"20171012","0.371572495077473","1.07782898675927","1.25519204113403","1.08715075743488","1.13097420979319"
"20171013","0.371008926645655","1.07923696672357","1.26742625265827","1.10207813237587","1.12890472751116"
"20171016","0.367088299345287","1.07540040991943","1.26018640830952","1.07725183458023","1.13442390166537"
"20171017","0.370918477391165","1.0733537730699","1.25804946823173","1.07399333400089","1.13313089649135"
"20171018","0.35693710993759","1.07645824904754","1.26285865803146","1.06893936229562","1.14539443356238"
"20171019","0.363950405978","1.07275897928217","1.25637497498648","1.06576520234025","1.14665294805845"
"20171020","0.363766028651541","1.07545697357996","1.26228177994975","1.07583744117184","1.13899997004428"
"20171023","0.359198341299825","1.07610979525355","1.26961697281802","1.08644879625789","1.13763831635565"
"20171024","0.40334105630814","1.07851262082644","1.27251515424365","1.08812725478135","1.14566016572167"
"20171025","0.394925796823144","1.08126593737636","1.27876847682857","1.0947483370764","1.14503201101039"
"20171026","0.388124708649036","1.08466217616349","1.27927141747395","1.09329348992233","1.15289709213213"
"20171027","0.372800517648041","1.08760504622973","1.27337433297963","1.08499778276854","1.17088237888322"
"20171030","0.403365408030502","1.0791776974293","1.26131793928012","1.06197450899052","1.16873343074488"
"20171031","0.380276496413339","1.08013409120787","1.27442245027785","1.0698712861373","1.16232831630573"
"20171101","0.369547823303903","1.08095240217304","1.27197046605659","1.07156444991203","1.16053525870921"
"20171102","0.367714486491752","1.07694074311981","1.26909517739367","1.0571559357432","1.16249049322086"
"20171103","0.362311882944749","1.07325936236807","1.26294101336133","1.04880283805627","1.16513953538685"
"20171106","0.371047193637939","1.07848922505239","1.27797449199152","1.05872247414422","1.16170914830908"
"20171107","0.362179687880496","1.08657448625586","1.29050398107749","1.0637379375456","1.17407923619582"
"20171108","0.374355549061763","1.08717462764909","1.28664661568929","1.0677856580886","1.17324767385548"
"20171109","0.377907421709213","1.09110078867632","1.30286869437494","1.07806754688372","1.17865805051532"
"20171110","0.397653189727748","1.09265366328484","1.31372196430325","1.08751959031284","1.1908824787356"
"20171113","0.400885011167004","1.09748010006388","1.3275502187594","1.09084188993949","1.19553031601616"
"20171114","0.424836669519297","1.09165897683118","1.31220475703794","1.08528244667916","1.19049979447051"
"20171115","0.428176334300445","1.08305706690841","1.28522842043682","1.0688948460097","1.18576803958149"
"20171116","0.41842868772047","1.08201485679399","1.29578942500902","1.07471898379275","1.19797803081112"
"20171117","0.439986919646274","1.07681278255968","1.27024727277345","1.04933417254352","1.2226917457026"
"20171120","0.506543655680561","1.07983395684928","1.29707431795117","1.06412794140787","1.22367150562419"
"20171121","0.505698303032833","1.08559501501308","1.31611668405333","1.0625320497232","1.24281815882187"
"20171122","0.534290703903929","1.09195058048576","1.30812401625028","1.06048212625345","1.25329521191172"
"20171123","0.56014875423546","1.06694858309144","1.26168007152442","1.0269534095298","1.22349360195844"
"20171124","0.588455892073166","1.06755416758313","1.25881551282638","1.02001613572318","1.22187445393227"
"20171127","0.626959443945814","1.05749847290849","1.2298661001332","1.00756691032372","1.21374983982013"
"20171128","0.523753365755912","1.06113586323881","1.24986431234846","1.02643088674954","1.20534601347674"
"20171129","0.545530763182979","1.06247435616262","1.24675149906076","1.02271967041927","1.20375482411835"
"20171130","0.584597883487445","1.05589374562523","1.22984205133482","1.01294668631181","1.19134167489062"
"20171201","0.625842743534618","1.05603030055134","1.24483335908633","1.03258466248015","1.1824952528512"
"20171204","0.557546598760149","1.05348410822153","1.24205205123876","1.02866116411804","1.19047379124528"
"20171205","0.533198355215095","1.05159232911456","1.21854315407888","1.00624526871415","1.21090799934097"
"20171206","0.564900818913635","1.04850144496757","1.22720632257075","1.02096488191454","1.19645270242159"
"20171207","0.547927668426948","1.04152708514438","1.21067738968448","1.01677365642926","1.18528442119733"
"20171208","0.522754945139048","1.04723699091512","1.22842406775085","1.02545118514598","1.19212959341773"
"20171211","0.510819122363926","1.05748758671158","1.25286064283073","1.03965823165062","1.20617670210872"
"20171212","0.530161347554739","1.04431528845398","1.24621065347114","1.02919072482012","1.18582899114143"
"20171213","0.526936483750444","1.05138931109154","1.25558706340725","1.03342452114953","1.19529129436982"
"20171214","0.521648681180293","1.04801560864186","1.2488213239409","1.0267035346961","1.18576612574411"
"20171215","0.527920989097386","1.03964361392453","1.23532084630278","1.02076942223239","1.17333483666646"
"20171218","0.533960216243295","1.04021189250167","1.22165332965139","1.01886466305234","1.17703432592151"
"20171219","0.526073737015314","1.04932064720032","1.23447037853981","1.02908281001903","1.19532882222448"
"20171220","0.532732193672727","1.04647728079353","1.22763130407825","1.01987680775888","1.19808025469015"
"20171221","0.513630006888059","1.05044138435501","1.2456759788325","1.02406694608551","1.20462162602952"
"20171222","0.511198313469286","1.0494876325482","1.23992190083526","1.01811789949504","1.1985500185559"
"20171225","0.532975710896352","1.04420305240049","1.22728209989483","1.00465246684881","1.19826889248727"
"20171226","0.526185059174685","1.05237202909479","1.22936164524391","1.00637732988113","1.20419305127254"
"20171227","0.584135200762557","1.04271393525514","1.21423734454373","0.998604431601985","1.18143452928754"
"20171228","0.539641125188726","1.04927172297621","1.22027131343074","0.998479408356817","1.18951387698519"
"20171229","0.496517703702158","1.05270545866381","1.23009621636038","1.00284778348377","1.19008910993248"
"20180102","0.522953237735429","1.06580511861339","1.2427591705786","1.01258632182757","1.21018253015958"
"20180103","0.515313754548554","1.07242039309357","1.25823425483487","1.02729803882301","1.21206632861087"
"20180104","0.51037383372644","1.07770490957931","1.26460098289083","1.02685493584333","1.21465379513952"
"20180105","0.502556930848066","1.07962746924888","1.25630194935294","1.03075142689573","1.22001133324569"
"20180108","0.515237220563986","1.08527091192271","1.25683569590661","1.03346228560802","1.22642081622668"
"20180109","0.49634724164562","1.08667787329549","1.26179204416252","1.03199153160628","1.23538930780663"
"20180110","0.509389328379497","1.0892035664709","1.25689162523798","1.02483842819746","1.24630924782863"
"20180111","0.520010158147043","1.09032102503411","1.26694112473153","1.03236293933369","1.24692529543824"
"20180112","0.498253633624858","1.09146560359665","1.26279577620387","1.02176033873575","1.25589158194469"
"20180115","0.537919110535947","1.0855919910695","1.23743930609203","0.99138712861373","1.26846124978573"
"20180116","0.556363800816826","1.09390172437996","1.23918617368312","0.989656200380506","1.27472424099706"
"20180117","0.588073222150327","1.09647280854013","1.22935941458354","0.996772512051726","1.2798504128064"
"20180118","0.657207761937562","1.10604842829736","1.22937242405538","0.994465160856567","1.29248577519567"
"20180119","0.656912062451731","1.11022147044509","1.23104248854426","0.988822063598781","1.29717451034887"
"20180122","0.656696375767949","1.11451808047701","1.25131709097789","1.01175218504585","1.30237877504423"
"20180123","0.670851684095542","1.1288874147606","1.25751720335758","1.01153189237129","1.32158966660953"
"20180124","0.731995380130386","1.13301286958559","1.26000552943259","1.0375356402077","1.3231821457279"
"20180125","0.653179291295303","1.12946107277423","1.25594282931426","1.03613921352654","1.31366596381682"
"20180126","0.595357865954205","1.13258744846961","1.24972363420491","1.03955272004234","1.32003920870313"
"20180129","0.64325074620635","1.12140582818971","1.22679154999797","1.0298086886864","1.29837020105278"
"20180130","0.559449511921908","1.1102676253735","1.2248590979763","1.01986868267842","1.28107189870974"
"20180131","0.596627634334537","1.10798356120605","1.20824566051075","0.992780122162301","1.29676340975924"
"20180201","0.583936908166176","1.09720765866234","1.17653125472692","0.971227487948274","1.30691377912985"
"20180202","0.592581769604876","1.10201442389259","1.18726857916215","0.974109259444691","1.31041335558932"
"20180205","0.645202362812833","1.11010465072974","1.17605560303624","0.966010499663839","1.32360131771864"
"20180206","0.772419239252193","1.0729117361797","1.1255839974704","0.914424077703234","1.29703692208352"
"20180207","0.836839981353538","1.05336999413992","1.11668338576471","0.924886091521593","1.26047039626419"
"20180208","0.893123769368316","1.0383427770561","1.14158094227979","0.939208205186891","1.22562303727656"
"20180209","1.15003444029306","0.996262342066589","1.10650652696111","0.911216444705108","1.16911636464094"
